<?xml version="1.0" ?>
<data>
  <!--NOTE: This is an ** Autogenerated file **-->
  <!--NOTE: Sector size is 512bytes-->
<program SECTOR_SIZE_IN_BYTES="512" file_sector_offset="0" filename="userdata_1.img" label="userdata" num_partition_sectors="304" physical_partition_number="0" start_sector="5113856" />
<program SECTOR_SIZE_IN_BYTES="512" file_sector_offset="0" filename="userdata_2.img" label="userdata" num_partition_sectors="2128" physical_partition_number="0" start_sector="5118224" />
<program SECTOR_SIZE_IN_BYTES="512" file_sector_offset="0" filename="userdata_3.img" label="userdata" num_partition_sectors="144" physical_partition_number="0" start_sector="5134608" />
<program SECTOR_SIZE_IN_BYTES="512" file_sector_offset="0" filename="userdata_4.img" label="userdata" num_partition_sectors="16" physical_partition_number="0" start_sector="5376000" />
<program SECTOR_SIZE_IN_BYTES="512" file_sector_offset="0" filename="userdata_5.img" label="userdata" num_partition_sectors="64" physical_partition_number="0" start_sector="5376256" />
<program SECTOR_SIZE_IN_BYTES="512" file_sector_offset="0" filename="userdata_6.img" label="userdata" num_partition_sectors="464" physical_partition_number="0" start_sector="5380368" />
<program SECTOR_SIZE_IN_BYTES="512" file_sector_offset="0" filename="userdata_7.img" label="userdata" num_partition_sectors="96" physical_partition_number="0" start_sector="5638144" />
<program SECTOR_SIZE_IN_BYTES="512" file_sector_offset="0" filename="userdata_8.img" label="userdata" num_partition_sectors="576" physical_partition_number="0" start_sector="5642256" />
<program SECTOR_SIZE_IN_BYTES="512" file_sector_offset="0" filename="userdata_9.img" label="userdata" num_partition_sectors="32" physical_partition_number="0" start_sector="5642864" />
<program SECTOR_SIZE_IN_BYTES="512" file_sector_offset="0" filename="userdata_10.img" label="userdata" num_partition_sectors="32" physical_partition_number="0" start_sector="5642928" />
<program SECTOR_SIZE_IN_BYTES="512" file_sector_offset="0" filename="userdata_11.img" label="userdata" num_partition_sectors="32" physical_partition_number="0" start_sector="5642992" />
<program SECTOR_SIZE_IN_BYTES="512" file_sector_offset="0" filename="userdata_12.img" label="userdata" num_partition_sectors="32" physical_partition_number="0" start_sector="5643056" />
<program SECTOR_SIZE_IN_BYTES="512" file_sector_offset="0" filename="userdata_13.img" label="userdata" num_partition_sectors="32" physical_partition_number="0" start_sector="5643120" />
<program SECTOR_SIZE_IN_BYTES="512" file_sector_offset="0" filename="userdata_14.img" label="userdata" num_partition_sectors="32" physical_partition_number="0" start_sector="5643184" />
<program SECTOR_SIZE_IN_BYTES="512" file_sector_offset="0" filename="userdata_15.img" label="userdata" num_partition_sectors="32" physical_partition_number="0" start_sector="5643248" />
<program SECTOR_SIZE_IN_BYTES="512" file_sector_offset="0" filename="userdata_16.img" label="userdata" num_partition_sectors="32" physical_partition_number="0" start_sector="5643312" />
<program SECTOR_SIZE_IN_BYTES="512" file_sector_offset="0" filename="userdata_17.img" label="userdata" num_partition_sectors="16" physical_partition_number="0" start_sector="5643392" />
<program SECTOR_SIZE_IN_BYTES="512" file_sector_offset="0" filename="userdata_18.img" label="userdata" num_partition_sectors="16" physical_partition_number="0" start_sector="5643456" />
<program SECTOR_SIZE_IN_BYTES="512" file_sector_offset="0" filename="userdata_19.img" label="userdata" num_partition_sectors="16" physical_partition_number="0" start_sector="5643520" />
<program SECTOR_SIZE_IN_BYTES="512" file_sector_offset="0" filename="userdata_20.img" label="userdata" num_partition_sectors="16" physical_partition_number="0" start_sector="5643584" />
<program SECTOR_SIZE_IN_BYTES="512" file_sector_offset="0" filename="userdata_21.img" label="userdata" num_partition_sectors="16" physical_partition_number="0" start_sector="5643648" />
<program SECTOR_SIZE_IN_BYTES="512" file_sector_offset="0" filename="userdata_22.img" label="userdata" num_partition_sectors="480" physical_partition_number="0" start_sector="5643712" />
<program SECTOR_SIZE_IN_BYTES="512" file_sector_offset="0" filename="userdata_23.img" label="userdata" num_partition_sectors="16" physical_partition_number="0" start_sector="5644240" />
<program SECTOR_SIZE_IN_BYTES="512" file_sector_offset="0" filename="userdata_24.img" label="userdata" num_partition_sectors="16" physical_partition_number="0" start_sector="5644304" />
<program SECTOR_SIZE_IN_BYTES="512" file_sector_offset="0" filename="userdata_25.img" label="userdata" num_partition_sectors="16" physical_partition_number="0" start_sector="5644368" />
<program SECTOR_SIZE_IN_BYTES="512" file_sector_offset="0" filename="userdata_26.img" label="userdata" num_partition_sectors="16" physical_partition_number="0" start_sector="5900288" />
<program SECTOR_SIZE_IN_BYTES="512" file_sector_offset="0" filename="userdata_27.img" label="userdata" num_partition_sectors="112" physical_partition_number="0" start_sector="5900544" />
<program SECTOR_SIZE_IN_BYTES="512" file_sector_offset="0" filename="userdata_28.img" label="userdata" num_partition_sectors="52688" physical_partition_number="0" start_sector="5904656" />
</data>